{"traffic": 122, "latencies": [153, 153, 154, 153, 154, 154, 154, 152, 153, 153, 154, 153, 153, 154, 156, 153, 153, 153, 152, 152, 2656, 2654, 2654, 2655, 2654, 2654, 2656, 2655, 2656, 2658, 2657, 2655, 2657, 2661, 2657, 2655, 2658, 2656, 2658, 2656, 2654, 152, 152, 151, 151, 151, 151, 151, 151, 151, 151, 151, 151, 151, 151, 151, 151, 152, 151, 151, 151, 151, 151, 151, 151, 151, 151, 151, 151, 151, 151, 151, 151, 151, 151, 151, 151, 151, 151, 151, 151, 151, 2651, 2651, 2651, 2651, 2652, 2652, 2651, 2652, 2651, 2651, 2651, 2652, 2652, 2651, 2651, 2651, 2652, 2651, 2652, 2652, 151, 151, 151, 151, 151, 151, 151, 151, 151, 151, 151, 151, 151, 151, 151, 151, 151, 151, 151, 151], "costs": [0.002334, 0.001521, 0.001371, 0.001443, 0.001362, 0.001389, 0.002085, 0.001623, 0.002481, 0.002049, 0.002187, 0.001317, 0.002565, 0.0024, 0.002736, 0.002163, 0.001779, 0.002241, 0.002079, 0.001932, 0.001488, 0.001836, 0.002196, 0.002352, 0.001554, 0.001839, 0.002646, 0.001503, 0.002775, 0.002439, 0.002817, 0.00207, 0.00141, 0.002682, 0.001836, 0.001713, 0.002334, 0.001461, 0.002694, 0.001422, 0.002754, 0.002229, 0.002469, 0.001992, 0.002346, 0.002226, 0.001338, 0.001509, 0.002739, 0.001728, 0.00192, 0.001806, 0.001422, 0.001767, 0.002556, 0.002115, 0.001875, 0.001599, 0.002508, 0.002361, 0.002127, 0.001944, 0.007566, 0.005517, 0.007854, 0.009186, 0.005193, 0.009414, 0.006, 0.009834, 0.010788, 0.009831, 0.006477, 0.008337, 0.005046, 0.005745, 0.007245, 0.009288, 0.009897, 0.005514, 0.005214, 0.008871, 0.001926, 0.001686, 0.002283, 0.002607, 0.001944, 0.002724, 0.00264, 0.001869, 0.002808, 0.001341, 0.001392, 0.002562, 0.002511, 0.001395, 0.0021, 0.002208, 0.001422, 0.001689, 0.001656, 0.001824, 0.001737, 0.001323, 0.002556, 0.002499, 0.001986, 0.001689, 0.002775, 0.002409, 0.001356, 0.002058, 0.002397, 0.002652, 0.002226, 0.0018, 0.002595, 0.001398, 0.002334, 0.001842, 0.002661, 0.002064], "tokens_in": [38, 42, 42, 31, 39, 38, 40, 36, 37, 38, 39, 39, 35, 35, 42, 36, 38, 37, 38, 39, 31, 42, 42, 39, 38, 38, 37, 36, 40, 38, 39, 35, 35, 39, 42, 36, 38, 37, 38, 39, 23, 23, 38, 39, 42, 42, 31, 38, 38, 36, 40, 37, 39, 39, 42, 35, 35, 38, 36, 37, 39, 38, 42, 39, 38, 42, 31, 38, 40, 38, 36, 37, 39, 39, 42, 35, 35, 36, 39, 38, 38, 37, 42, 42, 31, 39, 38, 38, 40, 38, 36, 37, 39, 39, 42, 35, 35, 36, 39, 38, 37, 38, 39, 31, 42, 38, 42, 38, 40, 38, 37, 36, 39, 39, 42, 35, 35, 36, 38, 39, 37, 38], "tokens_out": [148, 93, 83, 90, 83, 85, 131, 101, 158, 129, 138, 80, 164, 153, 174, 137, 111, 142, 131, 121, 93, 114, 138, 149, 96, 115, 169, 93, 177, 155, 180, 131, 87, 171, 114, 107, 148, 90, 172, 87, 179, 144, 157, 125, 148, 140, 83, 93, 175, 108, 120, 113, 87, 110, 162, 134, 118, 99, 160, 150, 134, 122, 496, 360, 516, 604, 340, 620, 392, 648, 712, 648, 424, 548, 328, 376, 476, 612, 652, 360, 340, 584, 120, 104, 146, 166, 122, 174, 168, 117, 180, 82, 85, 163, 159, 86, 133, 140, 87, 105, 103, 114, 108, 82, 162, 159, 124, 105, 177, 153, 83, 130, 152, 169, 140, 113, 166, 86, 148, 115, 170, 130], "errors": {"RuntimeError": 20}, "quality_scores": [0.8, 0.8, 0.8, 0.8, 0.8, 0.8, 0.8, 0.8, 0.8, 0.8, 0.8, 0.8, 0.8, 0.8, 0.8, 0.8, 0.8, 0.8, 0.8, 0.8, 0.8, 0.8, 0.8, 0.8, 0.8, 0.8, 0.8, 0.8, 0.8, 0.8, 0.8, 0.8, 0.8, 0.8, 0.8, 0.8, 0.8, 0.8, 0.8, 0.8, 0.8, 0.8, 0.8, 0.8, 0.8, 0.8, 0.8, 0.8, 0.8, 0.8, 0.8, 0.8, 0.8, 0.8, 0.8, 0.8, 0.8, 0.8, 0.8, 0.8, 0.8, 0.8, 0.8, 0.8, 0.8, 0.8, 0.8, 0.8, 0.8, 0.8, 0.8, 0.8, 0.8, 0.8, 0.8, 0.8, 0.8, 0.8, 0.8, 0.8, 0.8, 0.8, 0.8, 0.8, 0.8, 0.8, 0.8, 0.8, 0.8, 0.8, 0.8, 0.8, 0.8, 0.8, 0.8, 0.8, 0.8, 0.8, 0.8, 0.8, 0.8, 0.8, 0.8, 0.8, 0.8, 0.8, 0.8, 0.8, 0.8, 0.8, 0.8, 0.8, 0.8, 0.8, 0.8, 0.8, 0.8, 0.8, 0.8, 0.8, 0.8, 0.8]}